rec_id,noise_rec,snr_target_db,fs_target,snr_in_db,snr_out_db,snr_improve_db,rmse,nrmse_std,prd_percent,z_snr_out_db,z_snr_improve_db,z_rmse,z_nrmse_std,z_prd_percent,zref_offset,n_samples_eval
100,bw,0,250.0,-1.2372996425281514e-10,7.097803979659148,7.097803979782879,0.07676261457819274,0.4416821019989418,44.16821020014541,7.097803981387551,7.097803981511281,0.07676261498753832,0.4416821019110517,44.16821019135638,-0.357984259724617,7500
100,bw,5,250.0,4.999999999565373,7.283303765259614,2.2833037656942405,0.07514061916241709,0.4323493513024073,43.23493513048664,7.283303778583514,2.2833037790181407,0.07514061946280189,0.4323493506391961,43.2349350641655,-0.357984259724617,7500
100,bw,10,250.0,9.999999998582233,7.3617194941854835,-2.638280504396749,0.07446530675664687,0.42846369153787806,42.84636915403151,7.361719556645697,-2.6382804419365353,0.07446530663307975,0.4284636884567966,42.84636884592335,-0.357984259724617,7500
100,bw,15,250.0,14.999999995473267,7.352723058688618,-7.64727693678465,0.07454247437146289,0.4289077039585788,42.890770396101814,7.352723087642202,-7.647276907831065,0.07454247453532226,0.4289077025288559,42.89077025312953,-0.357984259724617,7500
101,bw,0,250.0,-8.819160412705978e-11,4.734061999261824,4.734061999350016,0.11614160377877443,0.5798249510772303,57.98249510800918,4.734062008793348,4.73406200888154,0.11614160357289534,0.5798249504409553,57.98249504438165,-0.31202685832977295,7500
101,bw,5,250.0,4.999999999677756,4.729671297145325,-0.27032870253243146,0.1162003279988871,0.5801181256757035,58.011812567856644,4.729671298187976,-0.27032870148978017,0.11620032790646853,0.5801181256060665,58.01181256089291,-0.31202685832977295,7500
101,bw,10,250.0,9.999999998937616,4.747464581139701,-5.252535417797915,0.11596253207756439,0.5789309541199367,57.89309541227938,4.747464589660671,-5.252535409276945,0.11596253188549431,0.578930953551998,57.89309535548547,-0.31202685832977295,7500
101,bw,15,250.0,14.999999996597088,4.772628208744495,-10.227371787852594,0.1156270667085396,0.577256177942802,57.72561779456509,4.7726282176964,-10.22737177890069,0.11562706651128853,0.5772561773478668,57.72561773507152,-0.31202685832977295,7500
102,bw,0,250.0,-1.1783069097601134e-10,3.286158572138116,3.2861585722559465,0.12157038069128204,0.6850023657265618,68.50023657303771,3.2861585736744265,3.286158573792257,0.1215703803030098,0.6850023656054025,68.50023656092176,-0.2764008492231369,7500
102,bw,5,250.0,4.999999999584026,3.323702662799792,-1.6762973367842342,0.1210460360964179,0.6820478854831382,68.20478854869368,3.323702642856594,-1.676297356727432,0.12104603600915743,0.6820478870491511,68.20478870529499,-0.2764008492231369,7500
102,bw,10,250.0,9.999999998641215,3.349940235758411,-6.650059762882804,0.12068094255502507,0.6799907237127835,67.99907237165708,3.349940219441621,-6.650059779199594,0.12068094241764282,0.6799907249901731,67.99907249939604,-0.2764008492231369,7500
102,bw,15,250.0,14.999999995659785,3.3528725964966406,-11.647127399163145,0.12064020748420942,0.6797611972465663,67.97611972503522,3.3528725831418376,-11.647127412517946,0.12064020730573387,0.6797611982917184,67.97611982955043,-0.2764008492231369,7500
103,bw,0,250.0,-2.29018130032344e-11,6.447720026105244,6.447720026128145,0.15135731232489205,0.4760077226534643,47.6007722654944,6.447720034493882,6.4477200345167835,0.1513573129347941,0.4760077221937466,47.60077221952263,-0.29933787882328033,7500
103,bw,5,250.0,4.999999999884221,6.545287842632702,1.5452878427484817,0.14966664260594884,0.4706906895328849,47.069068953434815,6.545287862799256,1.5452878629150355,0.1496666430060929,0.4706906884400539,47.06906884415173,-0.29933787882328033,7500
103,bw,10,250.0,9.99999999959051,6.579505630064336,-3.4204943695261747,0.14907819544792525,0.46884006608238743,46.88400660838449,6.579505638755285,-3.4204943608352254,0.14907819604345487,0.46884006561327435,46.88400656147318,-0.29933787882328033,7500
103,bw,15,250.0,14.999999998661725,6.585393856374674,-8.41460614228705,0.14897716852713225,0.468522343775122,46.85223437765784,6.585393854120972,-8.414606144540752,0.14897716930997693,0.4685223438966882,46.85223438981446,-0.29933787882328033,7500
104,bw,0,250.0,-3.182039557770867e-11,1.7657095362237751,1.7657095362555955,0.23612344666270543,0.8160457798407292,81.6045779843517,1.7657095444098467,1.765709544441667,0.2361234443523781,0.8160457790716418,81.60457790744293,-0.21953915804624557,7500
104,bw,5,250.0,4.9999999998560165,1.9318584971460186,-3.068141502709998,0.23164965934778065,0.8005843112324702,80.0584311235205,1.9318585117178149,-3.0681414881382016,0.23164965691092163,0.800584309889378,80.05843098921127,-0.21953915804624557,7500
104,bw,10,250.0,9.99999999950133,1.9543216794203422,-8.045678320080988,0.2310513480803885,0.7985165395152295,79.85165395179575,1.9543216896614555,-8.045678309839875,0.23105134576502295,0.7985165385737373,79.85165385764651,-0.21953915804624557,7500
104,bw,15,250.0,14.999999998379707,1.9723139344414362,-13.02768606393827,0.23057323561234003,0.796864176451101,79.6864176453823,1.9723139557373748,-13.027686042642332,0.2305732330083073,0.7968641744973609,79.6864174500083,-0.21953915804624557,7500
105,bw,0,250.0,-2.6243207674860448e-11,4.109310907769756,4.109310907795999,0.19083343099752012,0.6230665762419784,62.30665762439893,4.109310898253323,4.109310898279566,0.19083342850567883,0.6230665769246225,62.30665769266332,-0.29397253692150116,7500
105,bw,5,250.0,4.999999999873652,4.261313929425926,-0.7386860704477263,0.18752289862417357,0.6122577674257386,61.22577674277145,4.261313923030054,-0.7386860768435985,0.1875228961081892,0.6122577678765759,61.2257767878552,-0.29397253692150116,7500
105,bw,10,250.0,9.99999999955709,4.224340875260159,-5.775659124296931,0.18832282493524707,0.614869507650086,61.486950765207034,4.22434086327533,-5.77565913628176,0.18832282252970692,0.6148695084984858,61.48695085004701,-0.29397253692150116,7500
105,bw,15,250.0,14.999999998556042,4.270779821581448,-10.729220176974593,0.18731864727827235,0.6115908916790822,61.159089168105595,4.270779818416463,-10.72922018013958,0.18731864469535156,0.6115908919019352,61.15908919039088,-0.29397253692150116,7500
106,bw,0,250.0,-8.581067961132903e-12,5.73682085063715,5.7368208506457306,0.20119226183392952,0.516605419014029,51.660541901533996,5.736820906399881,5.736820906408462,0.20119226326241277,0.5166054156974627,51.660541569877374,-0.2902952581644058,7500
106,bw,5,250.0,4.999999999929505,5.819243200114056,0.8192432001845509,0.19929213309375426,0.5117264202143182,51.1726420215617,5.819243261710396,0.8192432617808905,0.19929213437489804,0.5117264165853895,51.17264165866884,-0.2902952581644058,7500
106,bw,10,250.0,9.999999999733713,5.833417063256091,-4.166582936477623,0.19896718814873038,0.5108920525405798,51.08920525418763,5.833417115229402,-4.166582884504312,0.19896718964821944,0.5108920494835812,51.08920494848779,-0.2902952581644058,7500
106,bw,15,250.0,14.999999999114571,5.858060359451213,-9.14193963966336,0.19840348557758056,0.5094446221060608,50.94446221073536,5.858060411867853,-9.141939587246718,0.1984034870626948,0.5094446190317211,50.9444619033014,-0.2902952581644058,7500
107,bw,0,250.0,1.4089788613787223e-11,1.8903187991123318,1.890318799098242,0.6865615482572329,0.8044222232158361,80.44222232167678,1.8903187835778734,1.8903187835637836,0.6865615533026682,0.8044222246545216,80.44222246554531,-0.3522668182849884,7500
107,bw,5,250.0,5.0000000000012,1.91144513313773,-3.08855486686347,0.6848936818546077,0.8024680374577895,80.2468037458719,1.9114451167396114,-3.0885548832615886,0.6848936869558868,0.8024680389727713,80.24680389737006,-0.3522668182849884,7500
107,bw,10,250.0,9.999999999960432,1.9349557418630363,-8.065044258097394,0.683042346503341,0.800298886996386,80.02988869973127,1.9349557291399195,-8.065044270820511,0.6830423513018354,0.8002988881686661,80.02988881695929,-0.3522668182849884,7500
107,bw,15,250.0,14.999999999831516,1.9418275749546068,-13.05817242487691,0.6825021719264502,0.7996659817089138,79.96659817098399,1.9418275640404057,-13.05817243579111,0.6825021765790126,0.799665982713729,79.96659827146551,-0.3522668182849884,7500
108,bw,0,250.0,-1.5691440103291905e-10,1.4861230452535201,1.4861230454104346,0.13201996957619325,0.8427404654459967,84.27404654513143,1.486123051482113,1.4861230516390276,0.13201996948477662,0.8427404648416731,84.2740464846991,-0.2515987157821655,7500
108,bw,5,250.0,4.999999999460433,1.6344307438453156,-3.3655692556151178,0.12978492288502116,0.8284731974345099,82.84731974397373,1.6344307462008165,-3.3655692532596166,0.12978492285302412,0.8284731972098387,82.84731972150661,-0.2515987157821655,7500
108,bw,10,250.0,9.99999999825038,1.7961187933321936,-8.203881204918186,0.12739132094782749,0.8131938028314164,81.31938028365474,1.7961187915279544,-8.203881206722427,0.12739132097742925,0.8131938030003337,81.31938030054647,-0.2515987157821655,7500
108,bw,15,250.0,14.999999994423858,1.756300130713606,-13.243699863710251,0.12797666074160757,0.8169302794556562,81.69302794608107,1.7563001237845706,-13.243699870639286,0.12797666084685336,0.8169302801073498,81.69302801125046,-0.2515987157821655,7500
109,bw,0,250.0,-7.549719735652247e-12,2.60764105727678,2.6076410572843294,0.2937984412481069,0.7406583905955033,74.0658390597349,2.6076410481418484,2.607641048149398,0.2937984414049928,0.7406583913744521,74.06583913762975,-0.3798524737358093,7500
109,bw,5,250.0,4.999999999932771,2.3581010773364977,-2.6418989225962735,0.3023614965984775,0.7622456351276476,76.22456351295469,2.3581010770567006,-2.6418989228760705,0.302361496451683,0.7622456351522017,76.2245635154101,-0.3798524737358093,7500
109,bw,10,250.0,9.999999999744047,2.223410454217464,-7.7765895455265825,0.3070867070762982,0.7741577704434787,77.41577704454077,2.22341046166909,-7.776589538074957,0.3070867066538678,0.7741577697793287,77.41577697812575,-0.3798524737358093,7500
109,bw,15,250.0,14.99999999914724,2.320812131264832,-12.679187867882408,0.30366233948138466,0.7655250269174019,76.55250269193095,2.3208121354115314,-12.67918786373571,0.30366233917920643,0.7655250265519353,76.55250265538426,-0.3798524737358093,7500
111,bw,0,250.0,-9.065546080415414e-11,4.100517155096092,4.100517155186748,0.12353136090178819,0.6236976995913962,62.36976995945088,4.100517147779742,4.100517147870398,0.123531359388827,0.623697700116753,62.369770011986574,-0.22647585719823837,7500
111,bw,5,250.0,4.9999999996699644,4.082392213191896,-0.9176077864780687,0.1237894042952333,0.6250005353224332,62.50005353255524,4.0823922151070375,-0.9176077845629269,0.12378940264754648,0.6250005351846275,62.50005351877468,-0.22647585719823837,7500
111,bw,10,250.0,9.999999998912974,4.088533561132443,-5.911466437780532,0.12370191007909946,0.6245587856247704,62.45587856278873,4.088533562901343,-5.911466436011631,0.12370190843465995,0.6245587854975776,62.455878550069485,-0.22647585719823837,7500
111,bw,15,250.0,14.999999996519165,4.0471359845408585,-10.952864011978306,0.12429288951270569,0.6275425826990945,62.75425827022263,4.047135991759321,-10.952864004759844,0.1242928877824281,0.6275425821775714,62.75425821807034,-0.22647585719823837,7500
112,bw,0,250.0,-9.60151928633725e-11,3.1928948685399794,3.1928948686359946,0.133933769929977,0.692397126031631,69.23971260351694,3.1928948733722464,3.1928948734682616,0.13393376990376102,0.6923971256464261,69.23971256499645,-0.8594197928905487,7500
112,bw,5,250.0,4.999999999653012,3.3212466057050087,-1.678753393948003,0.131969176463677,0.6822407713602302,68.22407713637168,3.3212466413365775,-1.6787533583164342,0.131969175969896,0.6822407685615177,68.22407685650042,-0.8594197928905487,7500
112,bw,10,250.0,9.999999998859368,3.3485182324446416,-6.651481766414726,0.13155547445315152,0.680102056954811,68.01020569582865,3.3485182420768833,-6.651481756782484,0.1315554743547012,0.6801020562006098,68.01020562040856,-0.8594197928905487,7500
112,bw,15,250.0,14.999999996349642,3.3656048776173404,-11.634395118732302,0.13129693648999313,0.6787654937956127,67.87654937990813,3.365604873474524,-11.634395122875118,0.1312969365999617,0.6787654941193563,67.87654941228251,-0.8594197928905487,7500
113,bw,0,250.0,-4.2198969936392344e-12,3.1128718115123544,3.112871811516574,0.2955948160154784,0.6988056527800459,69.8805652781679,3.1128718042547514,3.112871804258971,0.295594816569594,0.6988056533639417,69.88056533655745,-0.3306433856487274,7500
113,bw,5,250.0,4.999999999943298,3.177679216199558,-1.8223207837437396,0.29339752308475886,0.6936111072819272,69.3611107283548,3.177679211313916,-1.8223207886293817,0.29339752355463383,0.6936111076720697,69.36111076736904,-0.3306433856487274,7500
113,bw,10,250.0,9.999999999777334,3.227061209282842,-6.772938790494491,0.2917341993468298,0.689678900194753,68.96789001963646,3.2270612030990344,-6.772938796678299,0.29173419985764276,0.6896789006857611,68.96789006873725,-0.3306433856487274,7500
113,bw,15,250.0,14.999999999252509,3.2409823614051234,-11.759017637847386,0.29126700214456386,0.6885744151760124,68.85744151776215,3.2409823589421585,-11.75901764031035,0.29126700252978643,0.6885744153712642,68.85744153728729,-0.3306433856487274,7500
114,bw,0,250.0,-3.182680835641087e-10,2.330999891846657,2.330999892164925,0.08663198145495989,0.7646276618226261,76.4627661829297,2.3309999175602907,2.3309999178785588,0.08663198208455813,0.7646276595590288,76.46276595656995,-0.19742323458194733,7500
114,bw,5,250.0,4.999999998950191,2.3764013300124995,-2.6235986689376913,0.08618033458025792,0.760641354595515,76.06413546021511,2.3764013581849057,-2.623598640765285,0.08618033518217819,0.760641352128399,76.0641352135035,-0.19742323458194733,7500
114,bw,10,250.0,9.999999996636852,2.321648665686062,-7.67835133095079,0.08672529964419146,0.7654513030188598,76.54513030255379,2.3216486997624957,-7.678351296874356,0.08672530019096852,0.7654513000158455,76.54513000225236,-0.19742323458194733,7500
114,bw,15,250.0,14.99999998932143,2.358095556160709,-12.641904433160722,0.08636215375677665,0.7622461195966285,76.22461196032783,2.358095580325869,-12.641904408995561,0.08636215439981011,0.7622461174759707,76.22461174826208,-0.19742323458194733,7500
115,bw,0,250.0,-2.129427911648189e-11,4.632998736776324,4.632998736797618,0.19011678174813296,0.5866108117616592,58.66108117634483,4.632998686380467,4.632998686401761,0.1901167823925397,0.5866108151651972,58.66108151669861,-0.5562321841716766,7500
115,bw,5,250.0,4.999999999889303,4.7103291329200205,-0.28967086696928224,0.1884316861020622,0.581411400558985,58.14114005607582,4.710329067607622,-0.2896709322816804,0.18843168706435667,0.5814114049308311,58.14114049326044,-0.5562321841716766,7500
115,bw,10,250.0,9.999999999606583,4.729076607821762,-5.270923391784821,0.1880254169893875,0.580157845497783,58.015784549955235,4.729076576288598,-5.270923423317985,0.18802541721838048,0.580157847603982,58.01578476057515,-0.5562321841716766,7500
115,bw,15,250.0,14.999999998712548,4.770748682077852,-10.229251316634695,0.187125492673643,0.5773811030738434,57.73811030756042,4.770748638144552,-10.229251360567996,0.1871254931686838,0.5773811059942416,57.73811059960023,-0.5562321841716766,7500
116,bw,0,250.0,7.867947799601143e-12,5.311454109732242,5.311454109724374,0.3238950626107346,0.5425344177265519,54.25344177274502,5.311454107515642,5.311454107507774,0.3238950624142541,0.5425344178650042,54.25344178659023,-1.1009538173675537,7500
116,bw,5,250.0,4.99999999998152,5.581663043427337,0.5816630434458174,0.3139741411100144,0.5259165621583959,52.59165621592666,5.581663057074327,0.5816630570928076,0.31397414034612137,0.5259165613320927,52.59165613329635,-1.1009538173675537,7500
116,bw,10,250.0,9.9999999998982,5.662816314874503,-4.337183685023698,0.31105430581688,0.5210257462013711,52.10257462022337,5.66281631974693,-4.337183680151271,0.3110543053743206,0.521025745909097,52.10257459099598,-1.1009538173675537,7500
116,bw,15,250.0,14.999999999634726,5.673492069931726,-9.326507929703,0.3106722263977548,0.5203857511563417,52.03857511572032,5.673492085251071,-9.326507914383654,0.3106722255820793,0.5203857502385347,52.03857502393964,-1.1009538173675537,7500
117,bw,0,250.0,-6.22642136971257e-11,2.655105177310688,2.6551051773729526,0.16919674561044992,0.7366220945518709,73.66220945550411,2.65510523957822,2.6551052396404846,0.16919674563355583,0.7366220892711637,73.66220892743337,-0.8433869183063507,7500
117,bw,5,250.0,4.999999999759744,2.701260955284455,-2.298739044475289,0.16830003896036244,0.7327181546244044,73.27181546275578,2.7012610068306313,-2.298738992929113,0.1683000391910857,0.7327181502761085,73.27181502792617,-0.8433869183063507,7500
117,bw,10,250.0,9.99999999919688,2.713524859869802,-7.286475139327079,0.16806257805952554,0.731684334821798,73.16843348249468,2.713524912450021,-7.28647508674686,0.1680625782699156,0.7316843303925311,73.16843303956797,-0.8433869183063507,7500
117,bw,15,250.0,14.999999997416957,2.7333234767884096,-12.266676520628547,0.16767993248442004,0.7300184328921344,73.00184328952761,2.733323509944692,-12.266676487472264,0.16767993306930756,0.7300184301054656,73.00184301086072,-0.8433869183063507,7500
118,bw,0,250.0,-1.0848201835004753e-11,4.117031750950578,4.117031750961426,0.2333726920634079,0.6225129816104987,62.25129816121402,4.117031718363554,4.1170317183744025,0.2333726965074056,0.622512983945993,62.25129839476343,-0.9657343924045563,7500
118,bw,5,250.0,4.999999999922333,4.156731391345834,-0.8432686085764995,0.23230847507119642,0.6196742223407461,61.967422234238,4.156731362702218,-0.843268637220115,0.23230847938946037,0.619674224384257,61.9674224385891,-0.9657343924045563,7500
118,bw,10,250.0,9.999999999711038,4.200997980050848,-5.799002019660191,0.23112755471792687,0.6165241611932378,61.65241611948633,4.200997965235874,-5.799002034475164,0.23112755864626547,0.6165241622448042,61.652416224642984,-0.9657343924045563,7500
118,bw,15,250.0,14.999999999042856,4.182723097172914,-10.817276901869942,0.2316143529273165,0.6178226773224834,61.782267732411235,4.182723083266186,-10.81727691577667,0.23161435683971,0.6178226783116615,61.782267831329044,-0.9657343924045563,7500
119,bw,0,250.0,5.319230305504674e-12,2.1838195219064285,2.183819521901109,0.42222391469172654,0.7776944934602341,77.769449346165,2.183819543508399,2.1838195435030796,0.4222239092630943,0.7776944915260934,77.76944915275092,-0.9101063907146454,7500
119,bw,5,250.0,4.9999999999734595,2.222066181463199,-2.7779338185102604,0.4203688194326284,0.7742775923382355,77.4277592339645,2.222066201461896,-2.7779337985115635,0.4203688141054407,0.7742775905555116,77.42775905569214,-0.9101063907146454,7500
119,bw,10,250.0,9.999999999872713,2.217837976077206,-7.782162023795507,0.42057350064117544,0.7746545947847171,77.46545947861274,2.217838013073354,-7.782161986799359,0.42057349448837206,0.7746545914852007,77.4654591486611,-0.9101063907146454,7500
119,bw,15,250.0,14.999999999554127,2.2270382455785134,-12.772961753975615,0.42012825655360364,0.7738344994203815,77.38344994217901,2.227038275729242,-12.772961723824885,0.4201282507384204,0.7738344967342233,77.38344967356322,-0.9101063907146454,7500
121,bw,0,250.0,-1.9561864822810764e-11,0.6969631740176364,0.6969631740371983,0.3055741448386744,0.9228940398934741,92.2894039896229,0.6969631921259432,0.6969631921455051,0.3055741412306226,0.9228940379694281,92.28940379721833,-0.8467127978801727,7500
121,bw,5,250.0,4.99999999989478,0.7024565636210085,-4.297543436273772,0.30538094561729046,0.9223105402324624,92.23105402352157,0.7024565811038004,-4.29754341879098,0.3053809420335119,0.9223105383760534,92.23105383788067,-0.8467127978801727,7500
121,bw,10,250.0,9.999999999623906,0.7166403328506648,-9.283359666773242,0.3048826756178907,0.9208056667984008,92.08056668011497,0.7166403550606176,-9.283359644563289,0.3048826718740319,0.9208056644438867,92.08056644466353,-0.8467127978801727,7500
121,bw,15,250.0,14.999999998767331,0.7334929880672513,-14.26650701070008,0.30429170549169093,0.9190208207424206,91.90208207451643,0.7334930082517793,-14.266506990515552,0.3042917018260455,0.9190208186067726,91.90208186095161,-0.8467127978801727,7500
122,bw,0,250.0,-1.515054882704512e-11,3.2664887680825583,3.266488768097709,0.2411438631927364,0.6865553592384294,68.65553592403614,3.26648874239821,3.2664887424133604,0.2411438642691537,0.6865553612685872,68.65553612705193,-0.9610697329044342,7500
122,bw,5,250.0,4.99999999990873,3.264215065175731,-1.7357849347329988,0.24120699561723422,0.6867351021678443,68.67351021697768,3.2642150745107292,-1.7357849253980007,0.24120699572144674,0.6867351014297886,68.67351014317214,-0.9610697329044342,7500
122,bw,10,250.0,9.99999999966802,3.16851405543745,-6.83148594423057,0.24387930560185628,0.6943433768184923,69.43433768204463,3.1685140520224433,-6.831485947645577,0.2438793060652134,0.6943433770914853,69.43433770934392,-0.9610697329044342,7500
122,bw,15,250.0,14.999999998906828,3.1435212891387843,-11.856478709768044,0.2445820541224739,0.6963441565880414,69.63441565900011,3.143521290812214,-11.856478708094613,0.2445820544438833,0.6963441564538834,69.63441564558428,-0.9610697329044342,7500
123,bw,0,250.0,-3.174566019905024e-11,6.838854441355401,6.838854441387146,0.13176260128511724,0.45504807124529634,45.50480712468496,6.838854472708387,6.838854472740132,0.13176260050429606,0.45504806960273403,45.504806960428716,-0.8818092942237854,7500
123,bw,5,250.0,4.999999999856254,7.0083864413623775,2.008386441506124,0.12921578198487854,0.4462525162161713,44.625251621769465,7.008386434276257,2.0083864344200038,0.12921578179098972,0.44625251658023296,44.62525165817563,-0.8818092942237854,7500
123,bw,10,250.0,9.999999999502071,7.132228154056136,-2.867771845445935,0.12738652029729414,0.43993507868367304,43.99350786851748,7.132228101180798,-2.8677718983212728,0.12738652077769091,0.4399350813617771,43.99350813632789,-0.8818092942237854,7500
123,bw,15,250.0,14.99999999838205,7.1922637225520605,-7.807736275829989,0.12650907960718139,0.4369047977862584,43.690479778774986,7.19226373447147,-7.80773626391058,0.12650907914054038,0.43690479718670583,43.690479718819724,-0.8818092942237854,7500
124,bw,0,250.0,-1.2794214662514582e-11,3.2224719177832526,3.222471917796047,0.2509134287465931,0.6900433964003635,69.00433964022393,3.22247192730617,3.2224719273189644,0.2509134289623236,0.6900433956438232,69.00433956456988,-0.8709674179553986,7500
124,bw,5,250.0,4.9999999999161835,3.3402056688133874,-1.659794331102796,0.24753534384878706,0.6807532392818099,68.07532392836603,3.3402056735500234,-1.65979432636616,0.24753534419801523,0.6807532389105779,68.07532389124282,-0.8709674179553986,7500
124,bw,10,250.0,9.999999999691587,3.303584891164543,-6.696415108527044,0.24858118641572474,0.6836294375012307,68.36294375030892,3.3035848820022586,-6.6964151176893285,0.24858118716420113,0.6836294382223552,68.36294382242134,-0.8709674179553986,7500
124,bw,15,250.0,14.999999998981352,3.294891780670835,-11.705108218310517,0.24883009879444828,0.6843139777591137,68.4313977760974,3.2948917842881853,-11.705108214693166,0.24883009917756801,0.6843139774741225,68.43139774759825,-0.8709674179553986,7500
200,bw,0,250.0,-7.923878792675589e-12,2.63499332230083,2.634993322308754,0.2908978375252135,0.7383296918521352,73.83296918539875,2.6349933086581863,2.63499330866611,0.2908978396831791,0.7383296930118055,73.83296930136576,-0.16802828013896942,7500
200,bw,5,250.0,4.999999999931582,2.6843232804196853,-2.3156767195118966,0.28925041777858673,0.7341483650872959,73.41483650891377,2.684323263671109,-2.315676736260473,0.2892504200277626,0.7341483665029184,73.41483665047598,-0.16802828013896942,7500
200,bw,10,250.0,9.99999999974028,2.6882965086709243,-7.311703491069356,0.2891181348272395,0.7338126168688273,73.38126168706684,2.6882964893947503,-7.311703510345531,0.2891181371595202,0.7338126184973419,73.38126184991827,-0.16802828013896942,7500
200,bw,15,250.0,14.999999999135333,2.6615754976506945,-12.338424501484639,0.290008938726148,0.7360735720336272,73.60735720354738,2.661575475586429,-12.338424523548905,0.29000894115870496,0.7360735739034325,73.60735739052788,-0.16802828013896942,7500
201,bw,0,250.0,-8.999393216208483e-11,4.173693138450536,4.173693138540529,0.12286201235192402,0.6184653074185292,61.84653074216067,4.173693128485099,4.173693128575093,0.12286201353470405,0.6184653081281026,61.846530813117994,-0.2279324308037758,7500
201,bw,5,250.0,4.9999999996720526,4.175073562734057,-0.8249264369379956,0.12284248778552943,0.6183670242573935,61.83670242604703,4.175073550424991,-0.8249264492470614,0.12284248900126692,0.6183670251337022,61.83670251367791,-0.2279324308037758,7500
201,bw,10,250.0,9.999999998919579,4.210309810131648,-5.789690188787931,0.12234515929624064,0.6158635619493291,61.586356195239354,4.210309792321399,-5.78969020659818,0.12234516058454314,0.6158635632121454,61.58635632152099,-0.2279324308037758,7500
201,bw,15,250.0,14.99999999654005,4.243159160401369,-10.75684083613868,0.12188333338810173,0.6135388132594506,61.35388132625033,4.243159144653343,-10.756840851886707,0.12188333464260337,0.6135388143718323,61.35388143748851,-0.2279324308037758,7500
202,bw,0,250.0,-5.5269464418386785e-11,2.681513150521082,2.6815131505763516,0.1763416697566373,0.7343859211748873,73.43859211779106,2.681513128442412,2.6815131284976816,0.17634167051922578,0.7343859230416235,73.43859230446466,-0.1742694452404976,7500
202,bw,5,250.0,4.999999999781862,2.689572723112645,-2.3104272766692167,0.17617811951905304,0.7337048059736281,73.37048059766484,2.68957270301567,-2.3104272967661914,0.17617812024073903,0.7337048076712375,73.37048076742578,-0.1742694452404976,7500
202,bw,10,250.0,9.99999999926683,2.564170716410608,-7.435829282856222,0.17874013040883438,0.744374460683991,74.43744606870554,2.564170699656663,-7.435829299610167,0.17874013107222167,0.7443744621197921,74.43744621228562,-0.1742694452404976,7500
202,bw,15,250.0,14.999999997638156,2.667809475726016,-12.332190521912139,0.17662010251025517,0.7355454718048271,73.5545471807855,2.667809448738654,-12.332190548899503,0.17662010337386183,0.7355454740901928,73.55454740932204,-0.1742694452404976,7500
203,bw,0,250.0,2.796549653003632e-12,2.602422599008457,2.6024225990056604,0.37180039168679635,0.7411035097925673,74.11035097940275,2.60242260370267,2.6024226036998734,0.3718003912393722,0.7411035093920446,74.11035093935047,-0.24320495128631592,7500
203,bw,5,250.0,4.999999999965486,2.5853828135293684,-2.414617186436118,0.3725304973602345,0.7425588172349552,74.25588172364178,2.5853828079586587,-2.4146171920068276,0.3725304973521856,0.7425588177111965,74.25588177126595,-0.24320495128631592,7500
203,bw,10,250.0,9.9999999998475,2.6007354891287164,-7.399264510718783,0.37187261561124474,0.7412474725346636,74.1247472536124,2.6007354851125646,-7.399264514734935,0.3718726155366541,0.7412474728773991,74.12474728788597,-0.24320495128631592,7500
203,bw,15,250.0,14.999999999474392,2.616171234236715,-12.383828765237677,0.37121234547701915,0.7399313671059797,73.99313671074373,2.616171232610518,-12.383828766863875,0.37121234530042047,0.7399313672445117,73.99313672459698,-0.24320495128631592,7500
205,bw,0,250.0,-1.0812039555130041e-10,6.265888152011727,6.265888152119848,0.08947443513307672,0.4860775826559611,48.60775826585713,6.265888158200763,6.265888158308884,0.08947443515241003,0.48607758230961184,48.60775823122219,-0.36895617842674255,7500
205,bw,5,250.0,4.999999999614733,6.56635400589008,1.566354006275347,0.08643222092799974,0.46955049171064167,46.95504917131632,6.56635398316352,1.5663539835487867,0.08643222123441126,0.4695504929392168,46.955049294173826,-0.36895617842674255,7500
205,bw,10,250.0,9.999999998738321,6.654968953264606,-3.345031045473715,0.08555490733285509,0.46478440996980847,46.47844099723043,6.654968965796282,-3.345031032942039,0.08555490728886729,0.464784409299235,46.47844093017307,-0.36895617842674255,7500
205,bw,15,250.0,14.999999995966856,6.697470985697233,-8.302529010269623,0.08513729030409835,0.46251566945736905,46.25156694598527,6.697470958455234,-8.302529037511622,0.0851372906501786,0.4625156709079807,46.25156709104643,-0.36895617842674255,7500
207,bw,0,250.0,-3.1293390617233463e-11,0.8158951232246214,0.8158951232559148,0.26475500401815966,0.9103433914404981,91.03433914435921,0.815895086501155,0.8158950865324485,0.2647550087866284,0.9103433952893802,91.0343395292474,-0.08766641840338707,7500
207,bw,5,250.0,4.999999999857684,0.8126832582864008,-4.187316741571283,0.26485292312510883,0.9106800801170258,91.06800801201206,0.8126832240100428,-4.187316775847641,0.26485292782072317,0.9106800837107621,91.06800837138572,-0.08766641840338707,7500
207,bw,10,250.0,9.999999999506592,0.818528457412699,-9.181471542093893,0.264674749403071,0.910067441005682,91.00674410087751,0.8185284245891247,-9.181471574917467,0.2646747540512575,0.9100674444447847,91.00674444478777,-0.08766641840338707,7500
207,bw,15,250.0,14.999999998396351,0.8255625443465199,-14.174437454049832,0.2644604948327601,0.9093307401720498,90.93307401751402,0.8255625080216309,-14.17443749037472,0.2644604995837889,0.9093307439749233,90.93307439780138,-0.08766641840338707,7500
208,bw,0,250.0,6.295129701655296e-12,1.584935620479087,1.5849356204727918,0.4681395337348158,0.8332075929343202,83.32075929357858,1.584935620273733,1.5849356202674378,0.4681395336629102,0.8332075929540192,83.32075929554851,-0.18596100807189941,7500
208,bw,5,250.0,4.999999999976548,1.649594701806893,-3.3504052981696546,0.4646675709061302,0.8270280981837546,82.70280981852092,1.6495947024163176,-3.35040529756023,0.46466757079116977,0.8270280981257281,82.70280981271831,-0.18596100807189941,7500
208,bw,10,250.0,9.999999999882478,1.6673310851469356,-8.332668914735542,0.46371969869807955,0.8253410492080391,82.53410492094906,1.6673310837671715,-8.332668916115306,0.4637196986895519,0.8253410493391455,82.53410493405976,-0.18596100807189941,7500
208,bw,15,250.0,14.999999999585,1.6874622886279798,-13.31253771095702,0.4626461844973649,0.8234303791648101,82.34303791662585,1.6874622932468992,-13.312537706338102,0.4626461841693424,0.8234303787269323,82.34303787283811,-0.18596100807189941,7500
209,bw,0,250.0,-5.618316469295775e-11,8.261260894632702,8.261260894688885,0.09220437384243253,0.38631089380630224,38.63108938079021,8.261260902720908,8.26126090277709,0.09220437424243702,0.38631089344657377,38.63108934481737,-0.18944133073091507,7500
209,bw,5,250.0,4.999999999778977,8.28495650768226,3.284956507903283,0.09195317773251883,0.3852584513928083,38.52584513944039,8.284956507219897,3.2849565074409206,0.09195317822195415,0.3852584514133161,38.52584514149117,-0.18944133073091507,7500
209,bw,10,250.0,9.9999999992577,8.38812545709671,-1.6118745421609901,0.09086744039612556,0.3807095114306138,38.07095114321905,8.388125476162172,-1.611874523095528,0.0908674406754915,0.3807095105949592,38.07095105965359,-0.18944133073091507,7500
209,bw,15,250.0,14.999999997609287,8.409963093399803,-6.590036904209484,0.0906392728929008,0.37975355252720067,37.975355252877335,8.409963106409915,-6.590036891199372,0.09063927323475425,0.37975355195838884,37.97535519599615,-0.18944133073091507,7500
210,bw,0,250.0,-5.994066666643287e-11,3.1871950691653828,3.1871950692253233,0.16143729248679506,0.6928516355974884,69.28516356004279,3.187195039962312,3.1871950400222526,0.1614372947733913,0.6928516379269442,69.28516379298836,-0.19253335148096085,7500
210,bw,5,250.0,4.999999999767091,3.2291815275773397,-1.7708184721897515,0.16065880871663718,0.6895105627565641,68.95105627594891,3.229181501425339,-1.770818498341752,0.16065881093577275,0.689510564832584,68.95105648355091,-0.19253335148096085,7500
210,bw,10,250.0,9.999999999220112,3.2922617005854704,-6.707738298634641,0.15949627097458022,0.6845212188223312,68.4521218825235,3.2922616659101998,-6.707738333309912,0.15949627333416813,0.6845212215550344,68.45212215579384,-0.19253335148096085,7500
210,bw,15,250.0,14.99999999749042,3.320328579470559,-11.679671418019861,0.15898171945596232,0.6823128823482618,68.23128823511563,3.320328544835807,-11.679671452654613,0.1589817218071963,0.682312885068966,68.23128850718608,-0.19253335148096085,7500
212,bw,0,250.0,-2.0298128843527574e-11,4.980898087337287,4.980898087357585,0.18489524870041757,0.5635793808788068,56.357938088050496,4.980898070520338,4.980898070540636,0.18489524763773285,0.5635793819699656,56.357938197166355,-0.1595877781510353,7500
212,bw,5,250.0,4.999999999892454,5.136771662888313,0.13677166299585863,0.18160678592529989,0.5535558144114676,55.355581441313554,5.136771648521289,0.13677164862883462,0.18160678483029197,0.5535558153270849,55.355581532875256,-0.1595877781510353,7500
212,bw,10,250.0,9.999999999616554,5.1369719705899755,-4.863028029026578,0.1816025978893056,0.5535430488550277,55.35430488566956,5.136971945385477,-4.863028054231076,0.18160259702091036,0.5535430504612852,55.35430504629528,-0.1595877781510353,7500
212,bw,15,250.0,14.999999998744073,5.162828071576669,-9.837171927167404,0.18106280825162097,0.5518977155544191,55.189771555608196,5.162828060898996,-9.837171937845078,0.18106280708298614,0.551897716232874,55.189771623453666,-0.1595877781510353,7500
213,bw,0,250.0,6.4320642019056625e-12,5.739508142318388,5.739508142311956,0.2916117287563881,0.5164456133134171,51.644561331432115,5.739508144168398,5.739508144161966,0.29161172832327814,0.5164456132034192,51.64456132043233,-0.5007390975952148,7500
213,bw,5,250.0,4.9999999999769775,5.906612181841865,0.9066121818648876,0.28605515957735644,0.5066049056374212,50.660490563830805,5.906612185368379,0.9066121853914018,0.28605515909728646,0.5066049054317371,50.66049054326239,-0.5007390975952148,7500
213,bw,10,250.0,9.999999999883837,5.909677707589101,-4.0903222922947355,0.28595421945872823,0.5064261402575265,50.64261402584129,5.909677707158116,-4.090322292725721,0.2859542191091152,0.5064261402826549,50.64261402835413,-0.5007390975952148,7500
213,bw,15,250.0,14.999999999589306,5.944681751395818,-9.055318248193489,0.2848041459131321,0.5043893551112503,50.438935511213316,5.944681746361411,-9.055318253227895,0.28480414571586804,0.504389355403598,50.438935540448114,-0.5007390975952148,7500
214,bw,0,250.0,-1.374166639838456e-13,2.392188432001203,2.39218843200134,0.35213535167972776,0.7592601010473079,75.92601010489258,2.3921884108965887,2.392188410896726,0.3521353563089262,0.7592601028921265,75.92601028937446,-0.25540418922901154,7500
214,bw,5,250.0,4.999999999956205,2.380868441973912,-2.6191315579822927,0.35259457548700573,0.7602502609748869,76.02502609765071,2.380868413322535,-2.61913158663367,0.35259458042859404,0.7602502634826572,76.02502634842774,-0.25540418922901154,7500
214,bw,10,250.0,9.999999999818149,2.3884891209065646,-7.611510878911584,0.35228535769031977,0.7595835379820448,75.95835379836636,2.388489101350005,-7.611510898468143,0.3522853622587036,0.7595835396922714,75.95835396938902,-0.25540418922901154,7500
214,bw,15,250.0,14.999999999381576,2.3820262109141797,-12.617973788467395,0.35254758020390015,0.7601489316331174,76.01489316347373,2.382026188159934,-12.617973811221642,0.35254758490547383,0.7601489336244637,76.01489336260838,-0.25540418922901154,7500
215,bw,0,250.0,-3.823703054020599e-11,4.444750111943009,4.444750111981246,0.1636288985936353,0.5994631540638728,59.94631540660437,4.444750114080896,4.444750114119133,0.16362889793482768,0.5994631539163251,59.94631539184958,-0.16341760754585266,7500
215,bw,5,250.0,4.999999999835725,4.47249719476763,-0.527502805068095,0.16310701993401847,0.5975512238973717,59.75512238995356,4.472497202736129,-0.5275027970995962,0.16310701916782255,0.5975512233491739,59.75512233513379,-0.16341760754585266,7500
215,bw,10,250.0,9.999999999437158,4.490162723878996,-5.509837275558162,0.16277562685631103,0.5963371477695919,59.633714777175136,4.4901627294385325,-5.509837269998625,0.16277562613681634,0.5963371473878972,59.633714739005676,-0.16341760754585266,7500
215,bw,15,250.0,14.999999998176781,4.508890547364111,-10.491109450812669,0.16242504110163547,0.5950527582511511,59.505275825330585,4.5088905612952015,-10.49110943688158,0.16242504022714344,0.5950527572967603,59.50527572989153,-0.16341760754585266,7500
217,bw,0,250.0,8.549727318453028e-12,2.1074063505052827,2.107406350496733,0.48206295202524213,0.7845663592898533,78.45663592911153,2.10740635912913,2.1074063591205805,0.48206295067683413,0.784566358510891,78.45663585121534,-0.13527189195156097,7500
217,bw,5,250.0,4.999999999983674,2.1446685569126744,-2.855331443071,0.47999934596763955,0.7812078023113096,78.12078023125662,2.1446685661944977,-2.8553314337891766,0.47999934458864274,0.7812078014765036,78.12078014777605,-0.13527189195156097,7500
217,bw,10,250.0,9.999999999905016,2.1503234565632265,-7.84967654334179,0.4796869467940344,0.7806993668854988,78.06993668867547,2.1503234633684674,-7.849676536536549,0.4796869455527068,0.7806993662738346,78.06993662750908,-0.13527189195156097,7500
217,bw,15,250.0,14.999999999656273,2.1676735120775525,-12.83232648757872,0.47872972895601845,0.779141477171999,77.91414771732525,2.1676735230911417,-12.832326476565132,0.4787297274852215,0.7791414761840584,77.91414761853119,-0.13527189195156097,7500
219,bw,0,250.0,-1.5506385662179625e-12,3.921686916744462,3.9216869167460127,0.28546724276319696,0.6366718586452464,63.667185864664994,3.921686904911092,3.921686904912643,0.28546724621299663,0.6366718595126272,63.667185951403084,-0.614946037530899,7500
219,bw,5,250.0,4.999999999951739,3.9886211167617702,-1.0113788831899688,0.2832758623773651,0.6317844669790732,63.17844669804658,3.9886210888070024,-1.0113789111447367,0.2832758663264551,0.6317844690124155,63.17844690138083,-0.614946037530899,7500
219,bw,10,250.0,9.999999999804029,3.85687622713012,-6.143123772673909,0.28760525354344707,0.6414402211518847,64.14402211532986,3.8568762138845347,-6.143123785919494,0.28760525706584505,0.6414402221300517,64.14402221314657,-0.614946037530899,7500
219,bw,15,250.0,14.999999999336922,3.7997009029510553,-11.200299096385866,0.2895046748736381,0.6456764623995235,64.5676462400947,3.799700880019161,-11.20029911931776,0.2895046787421481,0.6456764641041944,64.5676464105618,-0.614946037530899,7500
220,bw,0,250.0,-2.3108179081077898e-11,7.477982517154505,7.477982517177613,0.13410699409951246,0.42276679944180423,42.276679944312164,7.477982517714271,7.477982517737379,0.13410699431342107,0.4227667994145587,42.27667994158762,-0.5847829580307007,7500
220,bw,5,250.0,4.99999999988357,7.404425846978152,2.4044258470945827,0.13524750488551218,0.42636221292462506,42.636221292595366,7.404425852768323,2.4044258528847537,0.13524750501979765,0.42636221264040425,42.636221264173294,-0.5847829580307007,7500
220,bw,10,250.0,9.99999999958845,7.404703601953653,-2.5952963976347974,0.13524318004737268,0.42634857904974316,42.634857905107175,7.404703608212527,-2.595296391375923,0.13524318017435596,0.42634857874252513,42.63485787438536,-0.5847829580307007,7500
220,bw,15,250.0,14.999999998655209,7.411962984450432,-7.588037014204777,0.13513019544146224,0.4259923997128809,42.599239971420836,7.4119630026059315,-7.5880369960492775,0.13513019538325838,0.4259923988224591,42.599239882378654,-0.5847829580307007,7500
221,bw,0,250.0,-3.012800087389557e-11,3.5845042695078404,3.5845042695379683,0.19471547280213355,0.6618731849908381,66.18731849930619,3.5845042800163434,3.5845042800464713,0.19471547647330367,0.6618731841900801,66.18731841923041,-0.23997004330158234,7500
221,bw,5,250.0,4.999999999861369,3.581414784678815,-1.4185852151825538,0.19478474348404445,0.6621086485942337,66.21086485964581,3.581414789178152,-1.4185852106832169,0.1947847472912787,0.662108648251258,66.21086482534827,-0.23997004330158234,7500
221,bw,10,250.0,9.99999999951825,3.567547869652705,-6.4324521298655455,0.19509596327315246,0.6631665410672084,66.31665410694364,3.567547874763735,-6.432452124754516,0.19509596707273036,0.663166540676982,66.31665406792102,-0.23997004330158234,7500
221,bw,15,250.0,14.999999998433214,3.5596322637833806,-11.440367734649833,0.1952738387361722,0.6637711720066317,66.37711720088616,3.559632263997546,-11.440367734435668,0.1952738426493043,0.6637711719902654,66.37711719924954,-0.23997004330158234,7500
222,bw,0,250.0,-2.1437385312995284e-10,2.182023602276789,2.182023602491163,0.10587331006956943,0.777855308407887,77.78553084135359,2.1820235814395836,2.1820235816539575,0.10587330989158236,0.7778553102739398,77.78553102795888,-0.1260252743959427,7500
222,bw,5,250.0,4.999999999278727,2.2030032735831786,-2.7969967256955486,0.1056178950231446,0.7759787641723449,77.59787641779803,2.20300325951155,-2.7969967397671773,0.10561789476331948,0.775978765429474,77.59787654351094,-0.1260252743959427,7500
222,bw,10,250.0,9.999999997675776,2.209234929482683,-7.7907650681930924,0.10554214707327556,0.7754222410517593,77.54222410573905,2.209234909764863,-7.790765087910913,0.10554214688224357,0.7754222428120434,77.54222428176747,-0.1260252743959427,7500
222,bw,15,250.0,14.999999992606796,2.2458703760160645,-12.754129616590731,0.1050979276508925,0.7721585437557034,77.21585437613109,2.2458703617114786,-12.754129630895317,0.10509792739516527,0.7721585450273528,77.21585450329606,-0.1260252743959427,7500
223,bw,0,250.0,-7.685689908436499e-12,3.579676068581463,3.5796760685891487,0.26204241806942397,0.6622412008466726,66.22412008483269,3.5796760709594255,3.5796760709671114,0.26204241906095704,0.6622412006653686,66.22412006670228,-0.6282526850700378,7500
223,bw,5,250.0,4.9999999999323395,3.7337614761866593,-1.2662385237456801,0.2574348436083906,0.6505968050021158,65.05968050037409,3.7337614881652854,-1.266238511767054,0.25743484429794206,0.650596804104884,65.05968041065091,-0.6282526850700378,7500
223,bw,10,250.0,9.999999999742675,3.7142395954687273,-6.285760404273947,0.25801408930273373,0.6520606915248903,65.2060691526519,3.7142395969763324,-6.285760402766343,0.25801409030487815,0.6520606914117124,65.20606914133413,-0.6282526850700378,7500
223,bw,15,250.0,14.999999999142904,3.7664173303773376,-11.233582668765568,0.25646879733686895,0.6481553848395357,64.81553848411548,3.766417338969299,-11.233582660173605,0.2564687981238311,0.6481553841983894,64.81553842000083,-0.6282526850700378,7500
228,bw,0,250.0,-1.241764478682443e-11,2.097008891761323,2.097008891773741,0.28727832140679793,0.7855060881005612,78.55060881026843,2.0970088729455085,2.097008872957926,0.28727832093504896,0.7855060898021643,78.55060898042875,-0.2335834726691246,7500
228,bw,5,250.0,4.9999999999173745,2.051869208384708,-2.9481307915326664,0.2887751636696566,0.789598908974214,78.9598908976348,2.0518691902129054,-2.948130809704469,0.28877516317403845,0.7895989106261387,78.9598910628273,-0.2335834726691246,7500
228,bw,10,250.0,9.999999999695355,2.042347434646071,-7.957652565049283,0.2890919026068532,0.7904649693239406,79.0464969326077,2.0423474155540884,-7.957652584141266,0.2890919021413177,0.7904649710614187,79.04649710635552,-0.2335834726691246,7500
228,bw,15,250.0,14.999999998993271,2.072617986825402,-12.927382012167868,0.288086163309778,0.7877149729544761,78.77149729566048,2.0726179583999254,-12.927382040593345,0.28808616315542745,0.7877149755323551,78.7714975534484,-0.2335834726691246,7500
230,bw,0,250.0,-1.3273485413393004e-11,6.158782751611121,6.158782751624395,0.1776493866919457,0.49210849536745094,49.21084953687984,6.158782731403351,6.158782731416625,0.17764938691985424,0.4921084965123441,49.21084965136914,-0.2833883613348007,7500
230,bw,5,250.0,4.999999999914668,6.133691209779338,1.1336912098646694,0.17816331695709967,0.4935321391762938,49.35321391776451,6.13369117891901,1.1336911790043418,0.17816331740417077,0.49353214092977726,49.35321409311285,-0.2833883613348007,7500
230,bw,10,250.0,9.999999999686796,6.043363836637581,-3.9566361630492155,0.1800257621627927,0.49869131886694607,49.869131886831155,6.043363819743823,-3.956636179942973,0.18002576232506295,0.4986913198368837,49.869131983824914,-0.2833883613348007,7500
230,bw,15,250.0,14.9999999989662,5.999241993323857,-9.000758005642343,0.18094256830098637,0.501230973506973,50.12309735083454,5.999241966844861,-9.00075803212134,0.1809425686637606,0.5012309750349792,50.12309750363516,-0.2833883613348007,7500
231,bw,0,250.0,-2.8606292131664196e-11,5.708595451230568,5.708595451259175,0.15484093815159494,0.518286894621286,51.82868946230008,5.708595414151426,5.708595414180032,0.1548409392762165,0.5182868968337978,51.82868968355127,-0.18402530252933502,7500
231,bw,5,250.0,4.9999999998661835,5.774921687179239,0.7749216873130553,0.1536630617041611,0.5143442814243138,51.43442814260157,5.774921656345323,0.7749216564791395,0.15366306270974267,0.5143442832501772,51.4344283251879,-0.18402530252933502,7500
231,bw,10,250.0,9.999999999533474,5.5449721203244895,-4.455027879208984,0.15778545281334636,0.5281428369736365,52.814283697538386,5.544972092508709,-4.455027907024765,0.1577854537910785,0.5281428386649664,52.814283866671396,-0.18402530252933502,7500
231,bw,15,250.0,14.999999998481355,5.479387182757071,-9.520612815724284,0.15898135984145675,0.5321458025152704,53.21458025170312,5.4793871535518965,-9.52061284492946,0.1589813608520301,0.5321458043045415,53.21458043063022,-0.18402530252933502,7500
232,bw,0,250.0,-2.8987587212812566e-10,4.564413869573186,4.564413869863062,0.06999067314886455,0.5912610992553802,59.12610992603173,4.564413892205447,4.564413892495323,0.06999067221333774,0.5912610977147693,59.12610977197063,-0.21520232409238815,7500
232,bw,5,250.0,4.99999999903997,4.614985359647045,-0.38501463939292435,0.06958435339203063,0.5878286266805868,58.782862668549534,4.614985354926105,-0.38501464411386443,0.06958435268106669,0.5878286270000824,58.78286270049909,-0.21520232409238815,7500
232,bw,10,250.0,9.99999999692076,4.646357248861329,-5.353642748059431,0.06933348040512008,0.5857093237600574,58.57093237649482,4.646357264488067,-5.353642732432693,0.06933347953429787,0.5857093227063108,58.57093227112015,-0.21520232409238815,7500
232,bw,15,250.0,14.99999999021923,4.662361154873073,-10.337638835346157,0.06920584985223673,0.5846311375160719,58.46311375209536,4.662361175300804,-10.337638814918426,0.06920584894476507,0.5846311361411192,58.4631136146001,-0.21520232409238815,7500
233,bw,0,250.0,6.347203384849097e-12,2.480736448058773,2.4807364480524257,0.42304632135098,0.7515591690793973,75.15591690807172,2.480736455254044,2.4807364552476967,0.42304632470783954,0.7515591684568161,75.15591684581356,-0.22738011181354523,7500
233,bw,5,250.0,4.999999999976708,2.514196689404904,-2.4858033105718045,0.42141977498516714,0.7486695426402509,74.86695426415655,2.5141966977232775,-2.485803302253431,0.4214197782746296,0.748669541923259,74.86695419245733,-0.22738011181354523,7500
233,bw,10,250.0,9.999999999882984,2.50352207865777,-7.496477921225214,0.42193800139751864,0.7495901931510935,74.959019315241,2.5035220855314706,-7.496477914351514,0.4219380047612047,0.7495901925578948,74.95901925592109,-0.22738011181354523,7500
233,bw,15,250.0,14.999999999586606,2.529254725753471,-12.470745273833135,0.42068982593373444,0.747372758163286,74.73727581645983,2.529254731450749,-12.470745268135857,0.4206898293444486,0.7473727576730668,74.7372757674379,-0.22738011181354523,7500
234,bw,0,250.0,-2.3964984035115134e-11,4.0807845308461035,4.080784530870068,0.19635304309463805,0.6251162281853759,62.51162281873429,4.080784509647573,4.080784509671538,0.1963530426189548,0.6251162297110164,62.51162297129836,-0.18529511988162994,7500
234,bw,5,250.0,4.999999999880856,4.332752071194271,-0.6672479286865851,0.1907388937023696,0.6072428311793893,60.72428311813002,4.3327520552993075,-0.6672479445815487,0.1907388931238228,0.6072428322906286,60.72428322925395,-0.18529511988162994,7500
234,bw,10,250.0,9.999999999579874,4.411382499938373,-5.588617499641501,0.18901999090495725,0.6017704737542089,60.177047375610236,4.411382484731782,-5.588617514848091,0.18901999031664404,0.6017704748077426,60.17704748096364,-0.18529511988162994,7500
234,bw,15,250.0,14.99999999862808,4.460335859507374,-10.539664139120706,0.18795767747073225,0.5983884565637072,59.838845656559016,4.460335829301634,-10.539664169326446,0.18795767721029843,0.5983884586446416,59.83884586465249,-0.18529511988162994,7500
