rec_id,noise_rec,snr_target_db,fs_target,snr_in_db,snr_out_db,snr_improve_db,rmse,nrmse_std,prd_percent,n_samples_eval
100,bw,0,250.0,-1.2372996425281514e-10,3.0120061056912366,3.0120061058149665,0.1228682442418112,0.7069678994631272,70.69678994671482,7500
100,bw,5,250.0,4.999999999565373,2.929341603144487,-2.0706583964208862,0.1240431760290855,0.7137283041778478,71.3728304181907,7500
100,bw,10,250.0,9.999999998582233,2.9098282167756033,-7.09017178180663,0.12432215992855297,0.7153335412560499,71.53335412601183,7500
100,bw,15,250.0,14.999999995473267,2.9144834699114517,-12.085516525561815,0.12425554659541199,0.7149502567996184,71.49502568036849,7500
101,bw,0,250.0,-8.819160412705978e-11,2.654699843381687,2.6546998434698788,0.14755567822279264,0.7366564704037111,73.66564704073467,7500
101,bw,5,250.0,4.999999999677756,2.5387989701335067,-2.4612010295442497,0.14953779424266755,0.7465519797376661,74.65519797413504,7500
101,bw,10,250.0,9.999999998937616,2.474439838729448,-7.525560160208168,0.15064992745185382,0.7521041898211094,75.21041898248211,7500
101,bw,15,250.0,14.999999996597088,2.4711155260932274,-12.528884470503861,0.15070759607608486,0.7523920944662627,75.23920944699758,7500
102,bw,0,250.0,-1.1783069097601134e-10,0.791525475029969,0.7915254751477997,0.16201656921862906,0.9129010912904116,91.29010912954959,7500
102,bw,5,250.0,4.999999999584026,0.759862852577169,-4.240137147006857,0.16260824502727614,0.9162349570425938,91.62349570476971,7500
102,bw,10,250.0,9.999999998641215,0.757822917804466,-9.242177080836749,0.16264643906177811,0.9164501657459123,91.64501657510165,7500
102,bw,15,250.0,14.999999995659785,0.749163176446146,-14.250836819213639,0.16280867672599897,0.9173643126225552,91.73643126276646,7500
103,bw,0,250.0,-2.29018130032344e-11,4.503646487005014,4.503646487027916,0.18932461583270313,0.5954121267119382,59.54121267137891,7500
103,bw,5,250.0,4.999999999884221,4.413965380570253,-0.5860346193139678,0.19128950334133546,0.601591554807534,60.159155480940406,7500
103,bw,10,250.0,9.99999999959051,4.3850552094257145,-5.614944790164796,0.19192725331597682,0.6035972320251614,60.35972320270376,7500
103,bw,15,250.0,14.999999998661725,4.3775667417839434,-10.62243325687778,0.19209279315320474,0.6041178427556039,60.41178427574818,7500
104,bw,0,250.0,-3.182039557770867e-11,1.5069494699139232,1.5069494699457435,0.2432635931529265,0.8407222213087074,84.07222213115794,7500
104,bw,5,250.0,4.9999999998560165,1.5602133174144734,-3.439786682441543,0.24177641009609743,0.8355824968360691,83.55824968389236,7500
104,bw,10,250.0,9.99999999950133,1.5680257582488897,-8.43197424125244,0.24155904437168407,0.8348312779944141,83.4831277997266,7500
104,bw,15,250.0,14.999999998379707,1.55765859157738,-13.442341406802328,0.2418475327228377,0.8358282975823436,83.58282975851989,7500
105,bw,0,250.0,-2.6243207674860448e-11,2.73557033278913,2.735570332815373,0.22353291793207597,0.7298296169874323,72.98296169897876,7500
105,bw,5,250.0,4.999999999873652,2.6871717709346985,-2.3128282289389537,0.2247819401482233,0.7339076445730455,73.39076445754137,7500
105,bw,10,250.0,9.99999999955709,2.6493710638612473,-7.350628935695843,0.2257623155192146,0.7371085466510647,73.71085466534436,7500
105,bw,15,250.0,14.999999998556042,2.6566640587252803,-12.343335939830762,0.2255728366695679,0.7364899027504518,73.64899027528287,7500
106,bw,0,250.0,-8.581067961132903e-12,4.123291673221926,4.123291673230507,0.24226335759729156,0.622064498020311,62.20644980218898,7500
106,bw,5,250.0,4.999999999929505,4.096096382354427,-0.9039036175750779,0.2430230664598947,0.6240152177533479,62.40152177549316,7500
106,bw,10,250.0,9.999999999733713,4.079474181856582,-5.920525817877132,0.24348858536989376,0.6252105400255212,62.5210540027108,7500
106,bw,15,250.0,14.999999999114571,4.054554881449402,-10.94544511766517,0.24418814264370792,0.6270068073136806,62.700680731527186,7500
107,bw,0,250.0,1.4089788613787223e-11,0.8979682677148151,0.8979682677007252,0.7696566092512777,0.9017820504196178,90.17820504206624,7500
107,bw,5,250.0,5.0000000000012,0.9333951559695579,-4.066604844031642,0.7665238261141669,0.8981114685433028,89.81114685443431,7500
107,bw,10,250.0,9.999999999960432,0.9282097421175035,-9.071790257842927,0.7669815719656914,0.8986477947277299,89.86477947287703,7500
107,bw,15,250.0,14.999999999831516,0.9155110864970262,-14.08448891333449,0.7681037089413201,0.8999625667579715,89.99625667590136,7500
108,bw,0,250.0,-1.5691440103291905e-10,2.0165306554534146,2.016530655610329,0.12419932851279894,0.792817936975429,79.28179369804316,7500
108,bw,5,250.0,4.999999999460433,2.026464919015662,-2.9735350804447713,0.12405735991729291,0.7919116901353521,79.19116901403488,7500
108,bw,10,250.0,9.99999999825038,2.0251401387820143,-7.974859859468367,0.12407628270805672,0.7920324824787153,79.2032482483713,7500
108,bw,15,250.0,14.999999994423858,2.025329894033198,-12.97467010039066,0.12407357211996516,0.79201517962463,79.20151796296274,7500
109,bw,0,250.0,-7.549719735652247e-12,1.947999414983042,1.9479994149905917,0.31697978713185493,0.7990979733964048,79.90979733983959,7500
109,bw,5,250.0,4.999999999932771,1.9051775609676402,-3.0948224389651307,0.3185463712348997,0.8030472920366415,80.30472920386427,7500
109,bw,10,250.0,9.999999999744047,1.8627002347837411,-8.137299764960305,0.32010800033244985,0.8069841192341753,80.69841192361864,7500
109,bw,15,250.0,14.99999999914724,1.8577125841616569,-13.142287414985583,0.3202918669737447,0.8074476423558336,80.74476423578454,7500
111,bw,0,250.0,-9.065546080415414e-11,2.9903874016949406,2.990387401785596,0.14037304266421702,0.7087296954813174,70.87296954848543,7500
111,bw,5,250.0,4.9999999996699644,2.9544982479351733,-2.045501751734791,0.14095424876258747,0.7116641479466338,71.16641479501857,7500
111,bw,10,250.0,9.999999998912974,2.9226872376610746,-7.0773127612519,0.14147142295414017,0.7142753096079701,71.42753096115348,7500
111,bw,15,250.0,14.999999996519165,2.896727085744198,-12.103272910774967,0.14189488141034726,0.7164133097326418,71.6413309736217,7500
112,bw,0,250.0,-9.60151928633725e-11,-1.896389725365707,-1.8963897252696917,0.24063252217222758,1.2439974389498745,124.39974389562313,7500
112,bw,5,250.0,4.999999999653012,-1.8442726970192247,-6.8442726966722365,0.2391930032210948,1.2365555608846672,123.65555608909862,7500
112,bw,10,250.0,9.999999998859368,-1.8046492898712851,-11.804649288730653,0.23810433442999823,1.2309274721468553,123.09274721531455,7500
112,bw,15,250.0,14.999999996349642,-1.7990530688602808,-16.79905306520992,0.23795097589397396,1.2301346548487897,123.01346548550757,7500
113,bw,0,250.0,-4.2198969936392344e-12,1.9115963080028515,1.9115963080070715,0.33943810057222046,0.8024540709007858,80.2454070902661,7500
113,bw,5,250.0,4.999999999943298,1.8887625402173263,-3.1112374597259715,0.3403316011360342,0.8045663652000286,80.45663652019086,7500
113,bw,10,250.0,9.999999999777334,1.8675002134008931,-8.13249978637644,0.34116572476850204,0.8065382885150011,80.65382885168857,7500
113,bw,15,250.0,14.999999999252509,1.8561773775549164,-13.143822621697593,0.34161075488205334,0.8075903690731078,80.75903690749949,7500
114,bw,0,250.0,-3.182680835641087e-10,1.3526429116355243,1.3526429119537924,0.09696077916056912,0.8557912749183847,85.57912749258507,7500
114,bw,5,250.0,4.999999998950191,1.3535506477704908,-3.6464493511797,0.0969506466113802,0.8557018434259437,85.5701843433409,7500
114,bw,10,250.0,9.999999996636852,1.3498391055041579,-8.650160891132694,0.09699208316295543,0.856067569027654,85.60675690351228,7500
114,bw,15,250.0,14.99999998932143,1.3531962311683985,-13.646803758153032,0.09695460263905431,0.8557367599560722,85.5736759963538,7500
115,bw,0,250.0,-2.129427911648189e-11,2.6141806345931586,2.6141806346144527,0.23986194951926695,0.7401009612325458,74.01009612348028,7500
115,bw,5,250.0,4.999999999889303,2.557985289863947,-2.4420147100253558,0.24141882196724912,0.7449047360604307,74.49047360627026,7500
115,bw,10,250.0,9.999999999606583,2.4337276150315597,-7.566272384575024,0.24489730738640106,0.7556377031171374,75.56377031194418,7500
115,bw,15,250.0,14.999999998712548,2.395537760249425,-12.604462238463123,0.24597643500141106,0.7589673824879679,75.89673824902826,7500
116,bw,0,250.0,7.867947799601143e-12,3.327507164325401,3.327507164317533,0.40700680922757615,0.6817492075215923,68.1749207522721,7500
116,bw,5,250.0,4.99999999998152,3.2499994842957647,-1.750000515685755,0.41065494706333905,0.6878599531456789,68.78599531468178,7500
116,bw,10,250.0,9.9999999998982,3.1446238252478147,-6.855376174650386,0.415667282309185,0.6962557723413655,69.62557723425184,7500
116,bw,15,250.0,14.999999999634726,3.097831535664935,-11.90216846396979,0.41791259154874294,0.7000167359419859,70.00167359431448,7500
117,bw,0,250.0,-6.22642136971257e-11,0.900411622847729,0.9004116229099932,0.2070745294416045,0.9015284132994392,90.1528413303319,7500
117,bw,5,250.0,4.999999999759744,-0.15261626184257945,-5.152616261602324,0.23376424081093242,1.0177258674580667,101.77258674624464,7500
117,bw,10,250.0,9.99999999919688,-0.20002886176580528,-10.200028860962686,0.23504374995986382,1.023296392505009,102.3296392509413,7500
117,bw,15,250.0,14.999999997416957,-0.21712615226684692,-15.217126149683804,0.23550686532874246,1.0253126311259808,102.53126311303932,7500
118,bw,0,250.0,-1.0848201835004753e-11,0.8505481924423488,0.850548192453197,0.3399180400395016,0.9067187370435522,90.67187370459429,7500
118,bw,5,250.0,4.999999999922333,0.7802498952360338,-4.219750104686299,0.34268029241180314,0.9140869425736787,91.40869425760887,7500
118,bw,10,250.0,9.999999999711038,0.7191399353305519,-9.280860064380487,0.3450997358038983,0.9205407178913227,92.05407178937497,7500
118,bw,15,250.0,14.999999999042856,0.7008376957376082,-14.299162303305248,0.34582767011879045,0.9224824556189614,92.24824556213937,7500
119,bw,0,250.0,5.319230305504674e-12,0.595945899589414,0.5959458995840948,0.5069165951579974,0.9336899947645485,93.36899947662484,7500
119,bw,5,250.0,4.9999999999734595,0.5614945985046862,-4.438505401468773,0.508931197792178,0.937400692620819,93.74006926225255,7500
119,bw,10,250.0,9.999999999872713,0.531759845338158,-9.468240154534556,0.5106764278567058,0.9406152329719867,94.0615232973699,7500
119,bw,15,250.0,14.999999999554127,0.5349638127478764,-14.465036186806252,0.510488089187219,0.9402683318584568,94.02683318601683,7500
121,bw,0,250.0,-1.9561864822810764e-11,-0.19379869835408045,-0.1937986983345186,0.3385748530665376,1.022562671713871,102.25626717169236,7500
121,bw,5,250.0,4.99999999989478,-0.26204605372619144,-5.262046053620971,0.3412456048040386,1.030628867438238,103.06288674413148,7500
121,bw,10,250.0,9.999999999623906,-0.3169350922415015,-10.316935091865407,0.3434088778119125,1.037162377551416,103.71623775545122,7500
121,bw,15,250.0,14.999999998767331,-0.32768951438103855,-15.32768951314837,0.34383433236859307,1.0384473340218443,103.84473340249443,7500
122,bw,0,250.0,-1.515054882704512e-11,0.5808453616528759,0.5808453616680265,0.32851740564469895,0.9353146394117603,93.53146394143926,7500
122,bw,5,250.0,4.99999999990873,0.3211204013615676,-4.678879598547162,0.3384890566347105,0.963704706390889,96.3704706393601,7500
122,bw,10,250.0,9.99999999966802,0.23756673364466746,-9.762433266023352,0.3417608537138266,0.9730197674887219,97.30197674914601,7500
122,bw,15,250.0,14.999999998906828,0.2249734594999164,-14.775026539406912,0.3422567165230429,0.9744315275252706,97.4431527528013,7500
123,bw,0,250.0,-3.174566019905024e-11,1.9357563832537852,1.935756383285531,0.2317112195935123,0.8002251210399612,80.02251210426927,7500
123,bw,5,250.0,4.999999999856254,1.8637377481265722,-3.1362622517296814,0.23364042891900288,0.806887732236391,80.68877322391452,7500
123,bw,10,250.0,9.999999999502071,1.7983204182578871,-8.201679581244184,0.2354067227868715,0.8129877075707181,81.29877075734932,7500
123,bw,15,250.0,14.99999999838205,1.7702130124091493,-13.2297869859729,0.23616972920941232,0.8156227845769293,81.56227845797133,7500
124,bw,0,250.0,-1.2794214662514582e-11,0.6863717470591724,0.6863717470719666,0.33599198201307034,0.9240200876842743,92.40200876867861,7500
124,bw,5,250.0,4.9999999999161835,0.6749530534253232,-4.32504694649086,0.33643397616808,0.925235627041556,92.52356270440713,7500
124,bw,10,250.0,9.999999999691587,0.6564103907104528,-9.343589608981134,0.3371529635838782,0.9272129326040557,92.72129326065762,7500
124,bw,15,250.0,14.999999998981352,0.6529404989603803,-14.347059500020972,0.3372876783964037,0.9275834152332435,92.7583415235765,7500
200,bw,0,250.0,-7.923878792675589e-12,2.760159077471838,2.760159077479762,0.28673598848251236,0.7277664757506532,72.77664757524788,7500
200,bw,5,250.0,4.999999999931582,2.726422211861355,-2.273577788070227,0.28785186547658903,0.7305986904009601,73.0598690402793,7500
200,bw,10,250.0,9.99999999974028,2.7192452955211337,-7.280754704219147,0.2880898079985699,0.7312026138622937,73.12026138641279,7500
200,bw,15,250.0,14.999999999135333,2.7190571292733106,-12.280942869862024,0.2880960490824019,0.7312184543977259,73.12184543995603,7500
201,bw,0,250.0,-8.999393216208483e-11,2.8748053232084176,2.8748053232984114,0.14267964335604696,0.7182237031720067,71.82237031755803,7500
201,bw,5,250.0,4.9999999996720526,2.774456020810712,-2.2255439788613405,0.14433760016919667,0.7265695600443015,72.65695600479168,7500
201,bw,10,250.0,9.999999998919579,2.705411453617246,-7.294588545302332,0.14548951917122602,0.7323681134463952,73.23681134500393,7500
201,bw,15,250.0,14.99999999654005,2.676654913556496,-12.323345082983554,0.14597199231590444,0.7347967966173172,73.47967966209734,7500
202,bw,0,250.0,-5.5269464418386785e-11,1.9665135910426013,1.9665135910978708,0.19147184703389658,0.7973964914651304,79.7396491468413,7500
202,bw,5,250.0,4.999999999781862,1.9502389870978942,-3.0497610126839674,0.19183094089183736,0.7988919603127148,79.88919603160035,7500
202,bw,10,250.0,9.99999999926683,1.94776334018153,-8.0522366590853,0.19188562422102748,0.7991196924598336,79.91196924631234,7500
202,bw,15,250.0,14.999999997638156,1.9494330649287464,-13.05056693270941,0.19184874079340147,0.7989660891168995,79.89660891201886,7500
203,bw,0,250.0,2.796549653003632e-12,1.5889712526735247,1.588971252670728,0.4178134440928841,0.8328205585017229,83.28205585033633,7500
203,bw,5,250.0,4.999999999965486,1.5419121314569941,-3.458087868508492,0.4200832510634804,0.8373449268188965,83.73449268205462,7500
203,bw,10,250.0,9.9999999998475,1.5384721795338367,-8.461527820313663,0.420249653405296,0.8376766138270726,83.7676613828723,7500
203,bw,15,250.0,14.999999999474392,1.5385654397044048,-13.461434559769987,0.42024514121994866,0.8376676197633961,83.76676197650463,7500
205,bw,0,250.0,-1.0812039555130041e-10,2.3169076017778485,2.3169076018859687,0.14097691180667124,0.765869227331472,76.58692273355848,7500
205,bw,5,250.0,4.999999999614733,2.161850736927646,-2.8381492626870872,0.14351617006020329,0.7796639667090417,77.96639667132283,7500
205,bw,10,250.0,9.999999998738321,2.0456907147412142,-7.954309283997107,0.14544836282860957,0.7901607705021628,79.01607705064059,7500
205,bw,15,250.0,14.999999995966856,2.0161994644228503,-12.983800531544006,0.14594304380064954,0.792848167530347,79.28481675346045,7500
207,bw,0,250.0,-3.1293390617233463e-11,0.5701308040388802,0.5701308040701736,0.27235314410264294,0.9364691171422647,93.64691171454471,7500
207,bw,5,250.0,4.999999999857684,0.5711455323879315,-4.428854467469752,0.27232132832725386,0.9363597206042221,93.63597206074046,7500
207,bw,10,250.0,9.999999999506592,0.568019498913422,-9.43198050059317,0.27241935384104604,0.9366967751539717,93.66967751571552,7500
207,bw,15,250.0,14.999999998396351,0.5652431328537737,-14.434756865542578,0.2725064441415637,0.9369962296622211,93.69962296654055,7500
208,bw,0,250.0,6.295129701655296e-12,1.2093315897344843,1.209331589728189,0.48882737587955183,0.8700283822808251,87.00283822823556,7500
208,bw,5,250.0,4.999999999976548,1.19772812588426,-3.8022718740922876,0.48948083584473495,0.8711914282648406,87.1191428266373,7500
208,bw,10,250.0,9.999999999882478,1.1963194440656053,-8.803680555816873,0.48956022652310677,0.8713327299735425,87.13327299750749,7500
208,bw,15,250.0,14.999999999585,1.191451625927228,-13.808548373657771,0.48983466681076304,0.8718211863311117,87.18211863326451,7500
209,bw,0,250.0,-5.618316469295775e-11,6.279576267967709,6.2795762680238925,0.1158339201208863,0.4853121750108819,48.531217501289184,7500
209,bw,5,250.0,4.999999999778977,6.265148372693404,1.2651483729144273,0.11602648858914881,0.48611898377703144,48.61189837790447,7500
209,bw,10,250.0,9.9999999992577,6.259423218664066,-3.740576780593633,0.11610299065346089,0.48643950632504995,48.64395063270645,7500
209,bw,15,250.0,14.999999997609287,6.24472485267882,-8.755275144930467,0.1162996278472369,0.4872633619288306,48.72633619308486,7500
210,bw,0,250.0,-5.994066666643287e-11,2.3041219670322715,2.304121967092212,0.17871356587032228,0.7669974174451695,76.69974174484234,7500
210,bw,5,250.0,4.999999999767091,2.2848672304462987,-2.7151327693207925,0.17911017458471604,0.7686995705984281,76.86995706016893,7500
210,bw,10,250.0,9.999999999220112,2.279322963201968,-7.720677036018143,0.17922453842234368,0.7691903938198346,76.91903938230978,7500
210,bw,15,250.0,14.99999999749042,2.2793321995517504,-12.72066779793867,0.17922434783971883,0.7691895758831527,76.9189575886416,7500
212,bw,0,250.0,-2.0298128843527574e-11,4.6743503892421625,4.674350389262461,0.19153720073541608,0.5838247211026453,58.38247211044044,7500
212,bw,5,250.0,4.999999999892454,4.668457030962279,-0.331542968930175,0.19166720243068358,0.5842209793918497,58.422097939360995,7500
212,bw,10,250.0,9.999999999616554,4.673742019965319,-5.326257979651235,0.19155061668174236,0.5838656142612181,58.38656142629773,7500
212,bw,15,250.0,14.999999998744073,4.676043675801908,-10.323956322942166,0.19149986480668818,0.5837109174232922,58.37109174250511,7500
213,bw,0,250.0,6.4320642019056625e-12,4.5305589292577055,4.530558929251273,0.3351602056085374,0.5935701512484528,59.35701512494917,7500
213,bw,5,250.0,4.9999999999769775,4.515474875412224,-0.4845251245647537,0.3357427558292899,0.5946018501699106,59.460185017095135,7500
213,bw,10,250.0,9.999999999883837,4.482930384136063,-5.517069615747774,0.3370030841559922,0.5968338970029918,59.68338970040366,7500
213,bw,15,250.0,14.999999999589306,4.469925406437543,-10.530074593151763,0.33750804109582055,0.5977281778935398,59.77281778945862,7500
214,bw,0,250.0,-1.374166639838456e-13,1.5521409617342234,1.552140961734361,0.3878930520683839,0.8363594183433549,83.63594183451374,7500
214,bw,5,250.0,4.999999999956205,1.5428586887528533,-3.4571413112033516,0.388307799884139,0.8372536809244824,83.72536809262668,7500
214,bw,10,250.0,9.999999999818149,1.549303081925594,-8.450696917892556,0.3880198063506937,0.8366327208355234,83.66327208373065,7500
214,bw,15,250.0,14.999999999381576,1.5535493029231184,-13.446450696458458,0.3878301636943038,0.8362238209572049,83.6223820958987,7500
215,bw,0,250.0,-3.823703054020599e-11,3.3663541061006685,3.3663541061389055,0.18525920984699562,0.6787069472982485,67.87069473007061,7500
215,bw,5,250.0,4.999999999835725,3.3451429788007543,-1.654857021034971,0.1857121696226931,0.6803663894758679,68.03663894783318,7500
215,bw,10,250.0,9.999999999437158,3.332491768157202,-6.667508231279956,0.185982861025223,0.6813580817950928,68.13580817975601,7500
215,bw,15,250.0,14.999999998176781,3.3269859913125184,-11.673014006864262,0.18610078846607728,0.6817901152332738,68.17901152357427,7500
217,bw,0,250.0,8.549727318453028e-12,0.23271055737202587,0.23271055736347615,0.5981891694161616,0.9735639232257043,97.356392322727,7500
217,bw,5,250.0,4.999999999983674,0.22919199685666403,-4.77080800312701,0.598431538505146,0.9739583833951696,97.39583833967362,7500
217,bw,10,250.0,9.999999999905016,0.21027012689789595,-9.78972987300712,0.5997366191616391,0.9760824262716088,97.6082426273179,7500
217,bw,15,250.0,14.999999999656273,0.2007800869475074,-14.799219912708766,0.600392238225653,0.9771494584091613,97.71494584107333,7500
219,bw,0,250.0,-1.5506385662179625e-12,1.789520352385753,1.7895203523873036,0.36489222407693767,0.8138117994188734,81.38117994206674,7500
219,bw,5,250.0,4.999999999951739,1.7715607691003514,-3.2284392308513876,0.36564748258110136,0.8154962372932476,81.54962372950453,7500
219,bw,10,250.0,9.999999999804029,1.784266555373948,-8.21573344443008,0.36511300164356597,0.814304195191964,81.43041951937592,7500
219,bw,15,250.0,14.999999999336922,1.794648593033432,-13.205351406303489,0.3646768514533107,0.813331458181614,81.3331458183407,7500
220,bw,0,250.0,-2.3108179081077898e-11,3.7629072304376217,3.76290723046073,0.20568621791625724,0.6484173672047258,64.84173672067465,7500
220,bw,5,250.0,4.99999999988357,3.652298432974402,-1.3477015669091674,0.2083222379751841,0.6567273123426353,65.67273123446817,7500
220,bw,10,250.0,9.99999999958845,3.585687091854709,-6.414312907733741,0.2099259849527368,0.6617830589229464,66.17830589250086,7500
220,bw,15,250.0,14.999999998655209,3.5461941141068536,-11.453805884548355,0.21088264904130485,0.6647989032312956,66.47989032333672,7500
221,bw,0,250.0,-3.012800087389557e-11,2.57971910625466,2.579719106284788,0.21859474718687275,0.7430431668358777,74.30431668383741,7500
221,bw,5,250.0,4.999999999861369,2.5614075023033207,-2.438592497558048,0.219056075035337,0.7446113038102735,74.46113038127753,7500
221,bw,10,250.0,9.99999999951825,2.5384603829738532,-7.461539616544397,0.21963556106884144,0.7465810818722515,74.65810818747597,7500
221,bw,15,250.0,14.999999998433214,2.538216318989251,-12.461783679443963,0.21964173267423356,0.7466020602776067,74.66020602801153,7500
222,bw,0,250.0,-2.1437385312995284e-10,1.8235982434031761,1.82359824361755,0.11033359250570812,0.8106251761646347,81.06251761705215,7500
222,bw,5,250.0,4.999999999278727,1.8215293293375125,-3.1784706699412144,0.1103598762739036,0.8108182840272526,81.08182840331409,7500
222,bw,10,250.0,9.999999997675776,1.814513031948036,-8.18548696572774,0.11044905891010703,0.8114735123085169,81.147351231441,7500
222,bw,15,250.0,14.999999992606796,1.8193421557164857,-13.18065783689031,0.11038766923617074,0.8110224799971497,81.10224800030393,7500
223,bw,0,250.0,-7.685689908436499e-12,1.777038146185923,1.7770381461936087,0.3224805267028622,0.8149821423064094,81.49821423084452,7500
223,bw,5,250.0,4.9999999999323395,1.7237914343593999,-3.2762085655729396,0.3244634861334415,0.819993534905409,81.99935349074573,7500
223,bw,10,250.0,9.999999999742675,1.6901797025676917,-8.309820297174983,0.32572149289902347,0.8231728060984093,82.31728061004655,7500
223,bw,15,250.0,14.999999999142904,1.6871226272726738,-13.312877371870231,0.3258361536215812,0.823462580002787,82.34625800048438,7500
228,bw,0,250.0,-1.241764478682443e-11,1.3401862991766857,1.3401862991891034,0.3134324692667986,0.8570194632571267,85.7019463259443,7500
228,bw,5,250.0,4.9999999999173745,1.3568578192666116,-3.643142180650763,0.31283145032993737,0.8553760951406036,85.53760951429156,7500
228,bw,10,250.0,9.999999999695355,1.343971974936724,-8.65602802475863,0.3132958919887842,0.856646019542853,85.66460195451683,7500
228,bw,15,250.0,14.999999998993271,1.347890499817076,-13.652109499176195,0.31315458454422285,0.8562596421181544,85.62596421204685,7500
230,bw,0,250.0,-1.3273485413393004e-11,5.094113087064201,5.094113087077475,0.20081548372977592,0.5562811523583341,55.62811523598574,7500
230,bw,5,250.0,4.999999999914668,5.026412516580539,0.026412516665870633,0.20238681889824442,0.5606339249733834,56.06339249749184,7500
230,bw,10,250.0,9.999999999686796,4.986840658247385,-5.013159341439411,0.2033109722330007,0.5631939321623998,56.319393216394175,7500
230,bw,15,250.0,14.9999999989662,4.956600803953948,-10.043399195012253,0.20402003130859706,0.5651581044081696,56.515810440971705,7500
231,bw,0,250.0,-2.8606292131664196e-11,3.2734174201846655,3.273417420213272,0.20494847707315228,0.6860079188851891,68.60079188874589,7500
231,bw,5,250.0,4.9999999998661835,3.272763832898681,-1.7272361669675025,0.2049638994149436,0.6860595408769584,68.60595408792284,7500
231,bw,10,250.0,9.999999999533474,3.2742896643477053,-6.725710335185768,0.2049278970123025,0.6859390328660505,68.59390328683202,7500
231,bw,15,250.0,14.999999998481355,3.2855420876958763,-11.714457910785478,0.2046625882709204,0.6850509857815502,68.50509857838169,7500
232,bw,0,250.0,-2.8987587212812566e-10,2.0280004284126245,2.0280004287025,0.093726163961975,0.7917717067141302,79.17717067207418,7500
232,bw,5,250.0,4.99999999903997,2.035235867865929,-2.9647641311740407,0.09364812156929454,0.7911124270014374,79.11124270080434,7500
232,bw,10,250.0,9.99999999692076,1.999923583760706,-8.000076413160054,0.09402962081162933,0.7943352230003871,79.433522300702,7500
232,bw,15,250.0,14.99999999021923,1.9998569147079355,-13.000143075511295,0.09403034254424078,0.7943413199901432,79.4341319996776,7500
233,bw,0,250.0,6.347203384849097e-12,2.445703814521524,2.4457038145151766,0.42475603158894526,0.7545965395538841,75.45965395552093,7500
233,bw,5,250.0,4.999999999976708,2.4537968020052032,-2.546203197971505,0.4243604538831287,0.7538937795087419,75.3893779510066,7500
233,bw,10,250.0,9.999999999882984,2.467365002283147,-7.532634997599837,0.4236980792637821,0.7527170437864086,75.27170437877304,7500
233,bw,15,250.0,14.999999999586606,2.4694806351227956,-12.53051936446381,0.4235948911679801,0.752533725895138,75.25337258964593,7500
234,bw,0,250.0,-2.3964984035115134e-11,3.5581582040415105,3.5581582040654753,0.20853019662463454,0.6638838284462834,66.38838284483724,7500
234,bw,5,250.0,4.999999999880856,3.472749098839375,-1.527250901041481,0.2105908065862958,0.6704440564248946,67.04440564270044,7500
234,bw,10,250.0,9.999999999579874,3.45603532793438,-6.543964671645494,0.21099642480858347,0.6717353963970359,67.17353963991498,7500
234,bw,15,250.0,14.99999999862808,3.4393962555306907,-11.56060374309739,0.21140100623789176,0.6730234355997753,67.30234356018929,7500
